time,close,Daily VWAP,Weekly VWAP,Monthly VWAP,Down Fractal,Up Fractal,Volume,RSI,RSI-based MA,Regular Bullish,Regular Bullish Label,Regular Bearish,Regular Bearish Label
01/03/1971,40,NaN,NaN,NaN,0,0,NaN,99.98463095,99.9760071,NaN,NaN,NaN,NaN
01/04/1971,40.1,NaN,NaN,NaN,0,0,NaN,99.98539272,99.97772407,NaN,NaN,NaN,NaN
01/05/1971,40.3,NaN,NaN,NaN,0,0,NaN,99.98680171,99.97929057,NaN,NaN,NaN,NaN
01/06/1971,40.6,NaN,NaN,NaN,0,0,NaN,99.98858099,99.98066267,NaN,NaN,NaN,NaN
01/07/1971,40.7,NaN,NaN,NaN,0,0,NaN,99.98910809,99.98197622,NaN,NaN,NaN,NaN
01/08/1971,40.8,NaN,NaN,NaN,0,0,NaN,99.9896239,99.98314566,NaN,NaN,NaN,NaN
01/09/1971,40.8,NaN,NaN,NaN,0,0,NaN,99.9896239,99.98415227,NaN,NaN,NaN,NaN
01/10/1971,40.9,NaN,NaN,NaN,0,0,NaN,99.99016411,99.98519746,NaN,NaN,NaN,NaN
01/11/1971,40.9,NaN,NaN,NaN,0,0,NaN,99.99016411,99.98608544,NaN,NaN,NaN,NaN
01/12/1971,41.1,NaN,NaN,NaN,0,0,NaN,99.99122392,99.98690864,NaN,NaN,NaN,NaN
01/01/1972,41.1,NaN,NaN,NaN,0,0,NaN,99.99122392,99.98760591,NaN,NaN,NaN,NaN
01/02/1972,41.3,NaN,NaN,NaN,0,0,NaN,99.99219879,99.98825955,NaN,NaN,NaN,NaN
01/03/1972,41.4,NaN,NaN,NaN,0,0,NaN,99.99263908,99.98894464,NaN,NaN,NaN,NaN
01/04/1972,41.5,NaN,NaN,NaN,0,0,NaN,99.99306083,99.98960265,NaN,NaN,NaN,NaN
01/05/1972,41.6,NaN,NaN,NaN,0,0,NaN,99.99346413,99.99023359,NaN,NaN,NaN,NaN
01/06/1972,41.7,NaN,NaN,NaN,0,0,NaN,99.9938491,99.99083761,NaN,NaN,NaN,NaN
01/07/1972,41.9,NaN,NaN,NaN,0,0,NaN,99.99454159,99.99139046,NaN,NaN,NaN,NaN
01/08/1972,42,NaN,NaN,NaN,0,0,NaN,99.99485358,99.9918385,NaN,NaN,NaN,NaN
01/09/1972,42.1,NaN,NaN,NaN,0,0,NaN,99.99515199,99.99227021,NaN,NaN,NaN,NaN
01/10/1972,42.3,NaN,NaN,NaN,0,0,NaN,99.99569023,99.99270352,NaN,NaN,NaN,NaN
01/11/1972,42.4,NaN,NaN,NaN,0,0,NaN,99.99593335,99.99315419,NaN,NaN,NaN,NaN
01/12/1972,42.5,NaN,NaN,NaN,0,0,NaN,99.99616624,99.99358292,NaN,NaN,NaN,NaN
01/01/1973,42.6,NaN,NaN,NaN,0,0,NaN,99.99638895,99.99402755,NaN,NaN,NaN,NaN
01/02/1973,42.9,NaN,NaN,NaN,0,0,NaN,99.99695959,99.99443724,NaN,NaN,NaN,NaN
01/03/1973,43.3,NaN,NaN,NaN,0,0,NaN,99.99752189,99.9948871,NaN,NaN,NaN,NaN
01/04/1973,43.6,NaN,NaN,NaN,0,0,NaN,99.99784395,99.99529032,NaN,NaN,NaN,NaN
01/05/1973,43.9,NaN,NaN,NaN,0,0,NaN,99.99810866,99.99568101,NaN,NaN,NaN,NaN
01/06/1973,44.2,NaN,NaN,NaN,0,0,NaN,99.99832953,99.99605734,NaN,NaN,NaN,NaN
01/07/1973,44.3,NaN,NaN,NaN,0,0,NaN,99.99839674,99.99640967,NaN,NaN,NaN,NaN
01/08/1973,45.1,NaN,NaN,NaN,0,0,NaN,99.99880943,99.99676398,NaN,NaN,NaN,NaN
01/09/1973,45.2,NaN,NaN,NaN,0,0,NaN,99.99884931,99.99707167,NaN,NaN,NaN,NaN
01/10/1973,45.6,NaN,NaN,NaN,0,0,NaN,99.99899438,99.99736745,NaN,NaN,NaN,NaN
01/11/1973,45.9,NaN,NaN,NaN,0,0,NaN,99.99908732,99.99764854,NaN,NaN,NaN,NaN
01/12/1973,46.2,NaN,NaN,NaN,0,0,NaN,99.99916994,99.99789709,NaN,NaN,NaN,NaN
01/01/1974,46.6,NaN,NaN,NaN,0,0,NaN,99.99926542,99.9981351,NaN,NaN,NaN,NaN
01/02/1974,47.2,NaN,NaN,NaN,0,0,NaN,99.99938053,99.99836469,NaN,NaN,NaN,NaN
01/03/1974,47.8,NaN,NaN,NaN,0,0,NaN,99.99946997,99.99858476,NaN,NaN,NaN,NaN
01/04/1974,48,NaN,NaN,NaN,0,0,NaN,99.99949609,99.99876594,NaN,NaN,NaN,NaN
01/05/1974,48.6,NaN,NaN,NaN,0,0,NaN,99.99956529,99.9989119,NaN,NaN,NaN,NaN
01/06/1974,49,NaN,NaN,NaN,0,0,NaN,99.99960431,99.99903764,NaN,NaN,NaN,NaN
01/07/1974,49.4,NaN,NaN,NaN,0,0,NaN,99.99963918,99.99914696,NaN,NaN,NaN,NaN
01/08/1974,50,NaN,NaN,NaN,0,0,NaN,99.99968415,99.99924372,NaN,NaN,NaN,NaN
01/09/1974,50.6,NaN,NaN,NaN,0,0,NaN,99.99972153,99.99933835,NaN,NaN,NaN,NaN
01/10/1974,51.1,NaN,NaN,NaN,0,0,NaN,99.99974826,99.99940541,NaN,NaN,NaN,NaN
01/11/1974,51.5,NaN,NaN,NaN,0,0,NaN,99.99976749,99.99947099,NaN,NaN,NaN,NaN
01/12/1974,51.9,NaN,NaN,NaN,0,0,NaN,99.99978517,99.99952748,NaN,NaN,NaN,NaN
01/01/1975,52.1,NaN,NaN,NaN,0,0,NaN,99.99979361,99.99957792,NaN,NaN,NaN,NaN
01/02/1975,52.5,NaN,NaN,NaN,0,0,NaN,99.99980973,99.99962362,NaN,NaN,NaN,NaN
01/03/1975,52.7,NaN,NaN,NaN,0,0,NaN,99.99981741,99.99966305,NaN,NaN,NaN,NaN
01/04/1975,52.9,NaN,NaN,NaN,0,0,NaN,99.99982501,99.9996948,NaN,NaN,NaN,NaN
01/05/1975,53.2,NaN,NaN,NaN,0,0,NaN,99.99983604,99.99972095,NaN,NaN,NaN,NaN
01/06/1975,53.6,NaN,NaN,NaN,0,0,NaN,99.99984964,99.9997462,NaN,NaN,NaN,NaN
01/07/1975,54.2,NaN,NaN,NaN,0,0,NaN,99.99986742,99.99976778,NaN,NaN,NaN,NaN
01/08/1975,54.3,NaN,NaN,NaN,0,0,NaN,99.99987017,99.99978677,NaN,NaN,NaN,NaN
01/09/1975,54.6,NaN,NaN,NaN,0,0,NaN,99.99987834,99.99980386,NaN,NaN,NaN,NaN
01/10/1975,54.9,NaN,NaN,NaN,0,0,NaN,99.99988606,99.99981828,NaN,NaN,NaN,NaN
01/11/1975,55.3,NaN,NaN,NaN,0,0,NaN,99.99989557,99.99983071,NaN,NaN,NaN,NaN
01/12/1975,55.5,NaN,NaN,NaN,0,0,NaN,99.99990006,99.99984155,NaN,NaN,NaN,NaN
01/01/1976,55.6,NaN,NaN,NaN,0,0,NaN,99.99990233,99.99985118,NaN,NaN,NaN,NaN
01/02/1976,55.8,NaN,NaN,NaN,0,0,NaN,99.99990687,99.99985988,NaN,NaN,NaN,NaN
01/03/1976,55.9,NaN,NaN,NaN,0,0,NaN,99.99990914,99.99986813,NaN,NaN,NaN,NaN
01/04/1976,56.1,NaN,NaN,NaN,0,0,NaN,99.99991368,99.99987555,NaN,NaN,NaN,NaN
01/05/1976,56.5,NaN,NaN,NaN,0,0,NaN,99.99992207,99.99988303,NaN,NaN,NaN,NaN
01/06/1976,56.8,NaN,NaN,NaN,0,0,NaN,99.99992775,99.99989037,NaN,NaN,NaN,NaN
01/07/1976,57.1,NaN,NaN,NaN,0,0,NaN,99.999933,99.99989729,NaN,NaN,NaN,NaN
01/08/1976,57.4,NaN,NaN,NaN,0,0,NaN,99.99993786,99.99990359,NaN,NaN,NaN,NaN
01/09/1976,57.6,NaN,NaN,NaN,0,0,NaN,99.99994094,99.99990885,NaN,NaN,NaN,NaN
01/10/1976,57.9,NaN,NaN,NaN,0,0,NaN,99.99994532,99.99991421,NaN,NaN,NaN,NaN
01/11/1976,58,NaN,NaN,NaN,0,0,NaN,99.99994673,99.9999191,NaN,NaN,NaN,NaN
01/12/1976,58.2,NaN,NaN,NaN,0,0,NaN,99.99994955,99.99992363,NaN,NaN,NaN,NaN
01/01/1977,58.5,NaN,NaN,NaN,0,0,NaN,99.99995352,99.99992777,NaN,NaN,NaN,NaN
01/02/1977,59.1,NaN,NaN,NaN,0,0,NaN,99.99996025,99.99993207,NaN,NaN,NaN,NaN
01/03/1977,59.5,NaN,NaN,NaN,0,0,NaN,99.999964,99.99993648,NaN,NaN,NaN,NaN
01/04/1977,60,NaN,NaN,NaN,0,0,NaN,99.99996805,99.99994085,NaN,NaN,NaN,NaN
01/05/1977,60.3,NaN,NaN,NaN,0,0,NaN,99.99997021,99.99994521,NaN,NaN,NaN,NaN
01/06/1977,60.7,NaN,NaN,NaN,0,0,NaN,99.99997286,99.99994944,NaN,NaN,NaN,NaN
01/07/1977,61,NaN,NaN,NaN,0,0,NaN,99.99997467,99.99995319,NaN,NaN,NaN,NaN
01/08/1977,61.2,NaN,NaN,NaN,0,0,NaN,99.99997583,99.99995663,NaN,NaN,NaN,NaN
01/09/1977,61.4,NaN,NaN,NaN,0,0,NaN,99.99997697,99.99995977,NaN,NaN,NaN,NaN
01/10/1977,61.6,NaN,NaN,NaN,0,0,NaN,99.99997808,99.99996264,NaN,NaN,NaN,NaN
01/11/1977,61.9,NaN,NaN,NaN,0,0,NaN,99.99997966,99.99996541,NaN,NaN,NaN,NaN
01/12/1977,62.1,NaN,NaN,NaN,0,0,NaN,99.99998066,99.99996793,NaN,NaN,NaN,NaN
01/01/1978,62.5,NaN,NaN,NaN,0,0,NaN,99.99998252,99.99997049,NaN,NaN,NaN,NaN
01/02/1978,62.9,NaN,NaN,NaN,0,0,NaN,99.99998416,99.99997296,NaN,NaN,NaN,NaN
01/03/1978,63.4,NaN,NaN,NaN,0,0,NaN,99.99998593,99.99997528,NaN,NaN,NaN,NaN
01/04/1978,63.9,NaN,NaN,NaN,0,0,NaN,99.99998745,99.99997722,NaN,NaN,NaN,NaN
01/05/1978,64.5,NaN,NaN,NaN,0,0,NaN,99.99998898,99.999979,NaN,NaN,NaN,NaN
01/06/1978,65.2,NaN,NaN,NaN,0,0,NaN,99.99999044,99.9999806,NaN,NaN,NaN,NaN
01/07/1978,65.7,NaN,NaN,NaN,0,0,NaN,99.99999133,99.99998211,NaN,NaN,NaN,NaN
01/08/1978,66,NaN,NaN,NaN,0,0,NaN,99.99999182,99.99998346,NaN,NaN,NaN,NaN
01/09/1978,66.5,NaN,NaN,NaN,0,0,NaN,99.99999258,99.99998474,NaN,NaN,NaN,NaN
01/10/1978,67.1,NaN,NaN,NaN,0,0,NaN,99.99999337,99.999986,NaN,NaN,NaN,NaN
01/11/1978,67.4,NaN,NaN,NaN,0,0,NaN,99.99999373,99.99998719,NaN,NaN,NaN,NaN
01/12/1978,67.7,NaN,NaN,NaN,0,0,NaN,99.99999407,99.99998834,NaN,NaN,NaN,NaN
01/01/1979,68.3,NaN,NaN,NaN,0,0,NaN,99.9999947,99.99998941,NaN,NaN,NaN,NaN
01/02/1979,69.1,NaN,NaN,NaN,0,0,NaN,99.9999954,99.99999046,NaN,NaN,NaN,NaN
01/03/1979,69.8,NaN,NaN,NaN,0,0,NaN,99.99999591,99.99999142,NaN,NaN,NaN,NaN
01/04/1979,70.6,NaN,NaN,NaN,0,0,NaN,99.9999964,99.99999229,NaN,NaN,NaN,NaN
01/05/1979,71.5,NaN,NaN,NaN,0,0,NaN,99.99999686,99.99999307,NaN,NaN,NaN,NaN
01/06/1979,72.3,NaN,NaN,NaN,0,0,NaN,99.9999972,99.99999377,NaN,NaN,NaN,NaN
01/07/1979,73.1,NaN,NaN,NaN,0,0,NaN,99.99999749,99.99999438,NaN,NaN,NaN,NaN
01/08/1979,73.8,NaN,NaN,NaN,0,0,NaN,99.99999772,99.9999949,NaN,NaN,NaN,NaN
01/09/1979,74.6,NaN,NaN,NaN,0,0,NaN,99.99999794,99.99999537,NaN,NaN,NaN,NaN
01/10/1979,75.2,NaN,NaN,NaN,0,0,NaN,99.9999981,99.99999582,NaN,NaN,NaN,NaN
01/11/1979,75.9,NaN,NaN,NaN,0,0,NaN,99.99999826,99.99999623,NaN,NaN,NaN,NaN
01/12/1979,76.7,NaN,NaN,NaN,0,0,NaN,99.99999843,99.99999659,NaN,NaN,NaN,NaN
01/01/1980,77.8,NaN,NaN,NaN,0,0,NaN,99.99999862,99.99999694,NaN,NaN,NaN,NaN
01/02/1980,78.9,NaN,NaN,NaN,0,0,NaN,99.99999878,99.99999727,NaN,NaN,NaN,NaN
01/03/1980,80.1,NaN,NaN,NaN,0,0,NaN,99.99999893,99.99999757,NaN,NaN,NaN,NaN
01/04/1980,81,NaN,NaN,NaN,0,0,NaN,99.99999902,99.99999783,NaN,NaN,NaN,NaN
01/05/1980,81.8,NaN,NaN,NaN,0,0,NaN,99.9999991,99.99999806,NaN,NaN,NaN,NaN
01/06/1980,82.7,NaN,NaN,NaN,0,0,NaN,99.99999918,99.99999826,NaN,NaN,NaN,NaN
01/07/1980,82.7,NaN,NaN,NaN,0,0,NaN,99.99999918,99.99999843,NaN,NaN,NaN,NaN
01/08/1980,83.3,NaN,NaN,NaN,0,0,NaN,99.99999923,99.99999857,NaN,NaN,NaN,NaN
01/09/1980,84,NaN,NaN,NaN,0,0,NaN,99.99999929,99.9999987,NaN,NaN,NaN,NaN
01/10/1980,84.8,NaN,NaN,NaN,0,0,NaN,99.99999935,99.99999881,NaN,NaN,NaN,NaN
01/11/1980,85.5,NaN,NaN,NaN,0,0,NaN,99.99999939,99.99999892,NaN,NaN,NaN,NaN
01/12/1980,86.3,NaN,NaN,NaN,0,0,NaN,99.99999944,99.99999901,NaN,NaN,NaN,NaN
01/01/1981,87,NaN,NaN,NaN,0,0,NaN,99.99999948,99.9999991,NaN,NaN,NaN,NaN
01/02/1981,87.9,NaN,NaN,NaN,0,0,NaN,99.99999953,99.99999918,NaN,NaN,NaN,NaN
01/03/1981,88.5,NaN,NaN,NaN,0,0,NaN,99.99999956,99.99999925,NaN,NaN,NaN,NaN
01/04/1981,89.1,NaN,NaN,NaN,0,0,NaN,99.99999959,99.99999931,NaN,NaN,NaN,NaN
01/05/1981,89.8,NaN,NaN,NaN,0,0,NaN,99.99999962,99.99999935,NaN,NaN,NaN,NaN
01/06/1981,90.6,NaN,NaN,NaN,0,0,NaN,99.99999965,99.9999994,NaN,NaN,NaN,NaN
01/07/1981,91.6,NaN,NaN,NaN,0,0,NaN,99.99999968,99.99999944,NaN,NaN,NaN,NaN
01/08/1981,92.3,NaN,NaN,NaN,0,0,NaN,99.9999997,99.99999948,NaN,NaN,NaN,NaN
01/09/1981,93.2,NaN,NaN,NaN,0,0,NaN,99.99999973,99.99999952,NaN,NaN,NaN,NaN
01/10/1981,93.4,NaN,NaN,NaN,0,0,NaN,99.99999973,99.99999955,NaN,NaN,NaN,NaN
01/11/1981,93.7,NaN,NaN,NaN,0,0,NaN,99.99999974,99.99999959,NaN,NaN,NaN,NaN
01/12/1981,94,NaN,NaN,NaN,0,0,NaN,99.99999975,99.99999961,NaN,NaN,NaN,NaN
01/01/1982,94.3,NaN,NaN,NaN,0,0,NaN,99.99999976,99.99999964,NaN,NaN,NaN,NaN
01/02/1982,94.6,NaN,NaN,NaN,0,0,NaN,99.99999977,99.99999966,NaN,NaN,99.99999977,NaN
01/03/1982,94.5,NaN,NaN,NaN,0,0,NaN,98.72626061,99.90901832,98.72626061,NaN,NaN,NaN
01/04/1982,94.9,NaN,NaN,NaN,0,0,NaN,98.79251389,99.82276934,NaN,NaN,NaN,NaN
01/05/1982,95.8,NaN,NaN,NaN,0,0,NaN,98.92766632,99.74617411,NaN,NaN,NaN,NaN
01/06/1982,97,NaN,NaN,NaN,0,0,NaN,99.07614644,99.6801846,NaN,NaN,NaN,NaN
01/07/1982,97.5,NaN,NaN,NaN,0,0,NaN,99.13018909,99.61805528,NaN,NaN,NaN,NaN
01/08/1982,97.7,NaN,NaN,NaN,0,0,NaN,99.15156847,99.55745305,NaN,NaN,NaN,NaN
01/09/1982,97.9,NaN,NaN,NaN,0,0,NaN,99.17344736,99.4984136,NaN,NaN,NaN,NaN
01/10/1982,98.2,NaN,NaN,NaN,1,0,NaN,99.20650184,99.44173518,NaN,NaN,99.20650184,99.20650184
01/11/1982,98,NaN,NaN,NaN,0,0,NaN,96.43764872,99.18728154,NaN,NaN,NaN,NaN
01/12/1982,97.6,NaN,NaN,NaN,0,1,NaN,90.96914424,98.54222043,90.96914424,NaN,NaN,NaN
01/01/1983,97.8,NaN,NaN,NaN,0,0,NaN,91.23671795,97.91627173,NaN,NaN,NaN,NaN
01/02/1983,97.9,NaN,NaN,NaN,0,0,NaN,91.37433174,97.30015259,NaN,NaN,NaN,NaN
01/03/1983,97.9,NaN,NaN,NaN,0,0,NaN,91.37433174,96.68403344,NaN,NaN,NaN,NaN
01/04/1983,98.6,NaN,NaN,NaN,0,0,NaN,92.34964509,96.13757954,NaN,NaN,NaN,NaN
01/05/1983,99.2,NaN,NaN,NaN,0,0,NaN,93.07267291,95.73375184,NaN,NaN,NaN,NaN
01/06/1983,99.5,NaN,NaN,NaN,0,0,NaN,93.40812983,95.34915298,NaN,NaN,NaN,NaN
01/07/1983,99.9,NaN,NaN,NaN,0,0,NaN,93.83668694,94.9855116,NaN,NaN,NaN,NaN
01/08/1983,100.2,NaN,NaN,NaN,0,0,NaN,94.14417894,94.6332282,NaN,NaN,NaN,NaN
01/09/1983,100.7,NaN,NaN,NaN,0,0,NaN,94.62545546,94.31146152,NaN,NaN,NaN,NaN
01/10/1983,101,NaN,NaN,NaN,0,0,NaN,94.89648238,94.0075268,NaN,NaN,NaN,NaN
01/11/1983,101.2,NaN,NaN,NaN,0,0,NaN,95.07479755,93.7147661,NaN,NaN,NaN,NaN
01/12/1983,101.3,NaN,NaN,NaN,0,0,NaN,95.16574754,93.42614079,NaN,NaN,NaN,NaN
01/01/1984,101.9,NaN,NaN,NaN,0,0,NaN,95.68108232,93.37210033,NaN,NaN,NaN,NaN
01/02/1984,102.4,NaN,NaN,NaN,0,0,NaN,96.05818514,93.73560325,NaN,NaN,NaN,NaN
01/03/1984,102.6,NaN,NaN,NaN,0,0,NaN,96.20107146,94.09019993,NaN,NaN,NaN,NaN
01/04/1984,103.1,NaN,NaN,NaN,0,0,NaN,96.53885531,94.45909447,NaN,NaN,NaN,NaN
01/05/1984,103.4,NaN,NaN,NaN,0,0,NaN,96.72690487,94.84142112,NaN,NaN,NaN,NaN
01/06/1984,103.7,NaN,NaN,NaN,0,0,NaN,96.90783067,95.16700581,NaN,NaN,NaN,NaN
01/07/1984,104.1,NaN,NaN,NaN,0,0,NaN,97.13521345,95.45718728,NaN,NaN,NaN,NaN
01/08/1984,104.5,NaN,NaN,NaN,0,0,NaN,97.34543281,95.7384232,NaN,NaN,NaN,NaN
01/09/1984,105,NaN,NaN,NaN,0,0,NaN,97.58408068,96.00609419,NaN,NaN,NaN,NaN
01/10/1984,105.3,NaN,NaN,NaN,0,0,NaN,97.71671615,96.26127541,NaN,NaN,NaN,NaN
01/11/1984,105.3,NaN,NaN,NaN,0,0,NaN,97.71671615,96.48207975,NaN,NaN,NaN,NaN
01/12/1984,105.3,NaN,NaN,NaN,0,0,NaN,97.71671615,96.68352502,NaN,NaN,NaN,NaN
01/01/1985,105.5,NaN,NaN,NaN,0,0,NaN,97.81652923,96.879363,NaN,NaN,NaN,NaN
01/02/1985,106,NaN,NaN,NaN,0,0,NaN,98.04644931,97.08512741,NaN,NaN,NaN,NaN
01/03/1985,106.4,NaN,NaN,NaN,0,0,NaN,98.20893514,97.26568832,NaN,NaN,NaN,NaN
01/04/1985,106.9,NaN,NaN,NaN,0,0,NaN,98.38928067,97.43219515,NaN,NaN,NaN,NaN
01/05/1985,107.3,NaN,NaN,NaN,0,0,NaN,98.51785641,97.59767979,NaN,NaN,NaN,NaN
01/06/1985,107.6,NaN,NaN,NaN,0,0,NaN,98.60762828,97.74544928,NaN,NaN,NaN,NaN
01/07/1985,107.8,NaN,NaN,NaN,0,0,NaN,98.6656529,97.88393129,NaN,NaN,NaN,NaN
01/08/1985,108,NaN,NaN,NaN,0,0,NaN,98.72296477,98.01358372,NaN,NaN,NaN,NaN
01/09/1985,108.3,NaN,NaN,NaN,0,0,NaN,98.80582029,98.13291278,NaN,NaN,NaN,NaN
01/10/1985,108.7,NaN,NaN,NaN,0,0,NaN,98.90759195,98.24449558,NaN,NaN,NaN,NaN
01/11/1985,109,NaN,NaN,NaN,0,0,NaN,98.97794416,98.34405725,NaN,NaN,NaN,NaN
01/12/1985,109.3,NaN,NaN,NaN,0,0,NaN,99.04423145,98.43887978,NaN,NaN,NaN,NaN
01/01/1986,109.6,NaN,NaN,NaN,1,0,NaN,99.10662963,98.53815931,NaN,NaN,99.10662963,99.10662963
01/02/1986,109.3,NaN,NaN,NaN,0,0,NaN,92.59637724,98.17242082,NaN,NaN,NaN,NaN
01/03/1986,108.8,NaN,NaN,NaN,0,0,NaN,82.83034765,97.10197927,NaN,NaN,NaN,NaN
01/04/1986,108.6,NaN,NaN,NaN,0,1,NaN,79.23068243,95.75799593,79.23068243,NaN,NaN,NaN
01/05/1986,108.9,NaN,NaN,NaN,0,0,NaN,80.59308388,94.49972084,NaN,NaN,NaN,NaN
01/06/1986,109.5,NaN,NaN,NaN,0,0,NaN,82.99556391,93.40016964,NaN,NaN,NaN,NaN
01/07/1986,109.5,NaN,NaN,NaN,0,0,NaN,82.99556391,92.29143446,NaN,NaN,NaN,NaN
01/08/1986,109.7,NaN,NaN,NaN,0,0,NaN,83.77218881,91.23176021,NaN,NaN,NaN,NaN
01/09/1986,110.2,NaN,NaN,NaN,0,0,NaN,85.54911073,90.29486434,NaN,NaN,NaN,NaN
01/10/1986,110.3,NaN,NaN,NaN,0,0,NaN,85.88207224,89.37765773,NaN,NaN,NaN,NaN
01/11/1986,110.4,NaN,NaN,NaN,0,0,NaN,86.22390239,88.47894931,NaN,NaN,NaN,NaN
01/12/1986,110.5,NaN,NaN,NaN,0,0,NaN,86.57398552,87.59797742,NaN,NaN,NaN,NaN
01/01/1987,111.2,NaN,NaN,NaN,0,0,NaN,88.73250128,86.86616008,NaN,NaN,NaN,NaN
01/02/1987,111.6,NaN,NaN,NaN,0,0,NaN,89.74690265,86.20206516,NaN,NaN,NaN,NaN
01/03/1987,112.1,NaN,NaN,NaN,0,0,NaN,90.85518845,85.61267651,NaN,NaN,NaN,NaN
01/04/1987,112.7,NaN,NaN,NaN,0,0,NaN,91.97604742,85.56836723,NaN,NaN,NaN,NaN
01/05/1987,113.1,NaN,NaN,NaN,0,0,NaN,92.62502567,86.26798709,NaN,NaN,NaN,NaN
01/06/1987,113.5,NaN,NaN,NaN,0,0,NaN,93.21592953,87.26693331,NaN,NaN,NaN,NaN
01/07/1987,113.8,NaN,NaN,NaN,0,0,NaN,93.62827327,88.19801827,NaN,NaN,NaN,NaN
01/08/1987,114.4,NaN,NaN,NaN,0,0,NaN,94.3658574,89.01018209,NaN,NaN,NaN,NaN
01/09/1987,115,NaN,NaN,NaN,0,0,NaN,94.99037454,89.86695428,NaN,NaN,NaN,NaN
01/10/1987,115.3,NaN,NaN,NaN,0,0,NaN,95.27253708,90.68840773,NaN,NaN,NaN,NaN
01/11/1987,115.4,NaN,NaN,NaN,0,0,NaN,95.36622687,91.38963031,NaN,NaN,NaN,NaN
01/12/1987,115.4,NaN,NaN,NaN,0,0,NaN,95.36622687,92.06706993,NaN,NaN,NaN,NaN
01/01/1988,115.7,NaN,NaN,NaN,0,0,NaN,95.66513026,92.74144334,NaN,NaN,NaN,NaN
01/02/1988,116,NaN,NaN,NaN,0,0,NaN,95.94670213,93.4109231,NaN,NaN,NaN,NaN
01/03/1988,116.5,NaN,NaN,NaN,0,0,NaN,96.36991899,93.95645294,NaN,NaN,NaN,NaN
01/04/1988,117.1,NaN,NaN,NaN,0,0,NaN,96.80150385,94.46035302,NaN,NaN,NaN,NaN
01/05/1988,117.5,NaN,NaN,NaN,0,0,NaN,97.05304915,94.90305736,NaN,NaN,NaN,NaN
01/06/1988,118,NaN,NaN,NaN,0,0,NaN,97.33516965,95.2858518,NaN,NaN,NaN,NaN
01/07/1988,118.5,NaN,NaN,NaN,0,0,NaN,97.58422865,95.64008059,NaN,NaN,NaN,NaN
01/08/1988,119,NaN,NaN,NaN,0,0,NaN,97.80514285,95.96788154,NaN,NaN,NaN,NaN
01/09/1988,119.8,NaN,NaN,NaN,0,0,NaN,98.10390915,96.28756982,NaN,NaN,NaN,NaN
01/10/1988,120.2,NaN,NaN,NaN,0,0,NaN,98.23339422,96.56382245,NaN,NaN,NaN,NaN
01/11/1988,120.3,NaN,NaN,NaN,0,0,NaN,98.26528848,96.79774487,NaN,NaN,NaN,NaN
01/12/1988,120.5,NaN,NaN,NaN,0,0,NaN,98.33021873,97.0161507,NaN,NaN,NaN,NaN
01/01/1989,121.1,NaN,NaN,NaN,0,0,NaN,98.51035774,97.24073148,NaN,NaN,NaN,NaN
01/02/1989,121.6,NaN,NaN,NaN,0,0,NaN,98.64184978,97.47470455,NaN,NaN,NaN,NaN
01/03/1989,122.3,NaN,NaN,NaN,0,0,NaN,98.80136986,97.69872166,NaN,NaN,NaN,NaN
01/04/1989,123.1,NaN,NaN,NaN,0,0,NaN,98.95275781,97.91343992,NaN,NaN,NaN,NaN
01/05/1989,123.8,NaN,NaN,NaN,0,0,NaN,99.06413863,98.10588418,NaN,NaN,NaN,NaN
01/06/1989,124.1,NaN,NaN,NaN,0,0,NaN,99.10792822,98.27062878,NaN,NaN,NaN,NaN
01/07/1989,124.4,NaN,NaN,NaN,0,0,NaN,99.15072325,98.42046265,NaN,NaN,NaN,NaN
01/08/1989,124.6,NaN,NaN,NaN,0,0,NaN,99.17900004,98.55216482,NaN,NaN,NaN,NaN
01/09/1989,125,NaN,NaN,NaN,0,0,NaN,99.23393646,98.67000109,NaN,NaN,NaN,NaN
01/10/1989,125.6,NaN,NaN,NaN,0,0,NaN,99.30866426,98.77739547,NaN,NaN,NaN,NaN
01/11/1989,125.9,NaN,NaN,NaN,0,0,NaN,99.34316499,98.86591375,NaN,NaN,NaN,NaN
01/12/1989,126.1,NaN,NaN,NaN,0,0,NaN,99.36588461,98.94680592,NaN,NaN,NaN,NaN
01/01/1990,127.4,NaN,NaN,NaN,0,0,NaN,99.48949221,99.03424904,NaN,NaN,NaN,NaN
01/02/1990,128,NaN,NaN,NaN,0,0,NaN,99.53458526,99.12027522,NaN,NaN,NaN,NaN
01/03/1990,128.7,NaN,NaN,NaN,0,0,NaN,99.58107672,99.19675515,NaN,NaN,NaN,NaN
01/04/1990,128.9,NaN,NaN,NaN,0,0,NaN,99.59356886,99.26473508,NaN,NaN,NaN,NaN
01/05/1990,129.2,NaN,NaN,NaN,0,0,NaN,99.61224698,99.32265488,NaN,NaN,NaN,NaN
01/06/1990,129.9,NaN,NaN,NaN,0,0,NaN,99.65238917,99.37262855,NaN,NaN,NaN,NaN
01/07/1990,130.4,NaN,NaN,NaN,0,0,NaN,99.67802923,99.41647788,NaN,NaN,NaN,NaN
01/08/1990,131.6,NaN,NaN,NaN,0,0,NaN,99.72958252,99.46088175,NaN,NaN,NaN,NaN
01/09/1990,132.7,NaN,NaN,NaN,0,0,NaN,99.76649199,99.50486524,NaN,NaN,NaN,NaN
01/10/1990,133.5,NaN,NaN,NaN,0,0,NaN,99.78904361,99.54843978,NaN,NaN,NaN,NaN
01/11/1990,133.8,NaN,NaN,NaN,0,0,NaN,99.79696257,99.58865593,NaN,NaN,NaN,NaN
01/12/1990,133.8,NaN,NaN,NaN,0,0,NaN,99.79696257,99.62353438,NaN,NaN,NaN,NaN
01/01/1991,134.6,NaN,NaN,NaN,0,0,NaN,99.8180823,99.65745704,NaN,NaN,NaN,NaN
01/02/1991,134.8,NaN,NaN,NaN,0,0,NaN,99.82303814,99.69011087,NaN,NaN,NaN,NaN
01/03/1991,135,NaN,NaN,NaN,0,0,NaN,99.82808182,99.71429584,NaN,NaN,NaN,NaN
01/04/1991,135.2,NaN,NaN,NaN,0,0,NaN,99.83320153,99.73562557,NaN,NaN,NaN,NaN
01/05/1991,135.6,NaN,NaN,NaN,0,0,NaN,99.84325535,99.75435262,NaN,NaN,NaN,NaN
01/06/1991,136,NaN,NaN,NaN,0,0,NaN,99.85280973,99.77286982,NaN,NaN,NaN,NaN
01/07/1991,136.2,NaN,NaN,NaN,0,0,NaN,99.85748728,99.79038699,NaN,NaN,NaN,NaN
01/08/1991,136.6,NaN,NaN,NaN,0,0,NaN,99.86661693,99.80568897,NaN,NaN,NaN,NaN
01/09/1991,137.2,NaN,NaN,NaN,0,0,NaN,99.8791256,99.820053,NaN,NaN,NaN,NaN
01/10/1991,137.4,NaN,NaN,NaN,0,0,NaN,99.88306227,99.83101584,NaN,NaN,NaN,NaN
01/11/1991,137.8,NaN,NaN,NaN,0,0,NaN,99.89072741,99.83988979,NaN,NaN,NaN,NaN
01/12/1991,137.9,NaN,NaN,NaN,0,0,NaN,99.89262238,99.84728828,NaN,NaN,NaN,NaN
01/01/1992,138.1,NaN,NaN,NaN,0,0,NaN,99.89648868,99.85439729,NaN,NaN,NaN,NaN
01/02/1992,138.6,NaN,NaN,NaN,0,0,NaN,99.90563636,99.8621597,NaN,NaN,NaN,NaN
01/03/1992,139.3,NaN,NaN,NaN,0,0,NaN,99.91673113,99.86920604,NaN,NaN,NaN,NaN
01/04/1992,139.5,NaN,NaN,NaN,0,0,NaN,99.91963836,99.87610606,NaN,NaN,NaN,NaN
01/05/1992,139.7,NaN,NaN,NaN,0,0,NaN,99.92255042,99.88285382,NaN,NaN,NaN,NaN
01/06/1992,140.2,NaN,NaN,NaN,0,0,NaN,99.92943482,99.88972762,NaN,NaN,NaN,NaN
01/07/1992,140.5,NaN,NaN,NaN,0,0,NaN,99.93326765,99.89615707,NaN,NaN,NaN,NaN
01/08/1992,140.9,NaN,NaN,NaN,0,0,NaN,99.93809572,99.90224893,NaN,NaN,NaN,NaN
01/09/1992,141.3,NaN,NaN,NaN,0,0,NaN,99.94257036,99.90832629,NaN,NaN,NaN,NaN
01/10/1992,141.8,NaN,NaN,NaN,0,0,NaN,99.94766297,99.9141153,NaN,NaN,NaN,NaN
01/11/1992,142,NaN,NaN,NaN,0,0,NaN,99.94958863,99.91914837,NaN,NaN,99.94958863,NaN
01/12/1992,141.9,NaN,NaN,NaN,0,0,NaN,98.00787763,99.78520661,98.00787763,NaN,NaN,NaN
01/01/1993,142.6,NaN,NaN,NaN,0,0,NaN,98.26235408,99.66889423,NaN,NaN,NaN,NaN
01/02/1993,143.1,NaN,NaN,NaN,0,0,NaN,98.4178229,99.56355141,NaN,NaN,NaN,NaN
01/03/1993,143.6,NaN,NaN,NaN,0,0,NaN,98.55687299,99.46786457,NaN,NaN,NaN,NaN
01/04/1993,144,NaN,NaN,NaN,0,0,NaN,98.6584505,99.37877987,NaN,NaN,NaN,NaN
01/05/1993,144.2,NaN,NaN,NaN,0,0,NaN,98.7074395,99.2924019,NaN,NaN,NaN,NaN
01/06/1993,144.4,NaN,NaN,NaN,0,0,NaN,98.75634703,99.20930966,NaN,NaN,NaN,NaN
01/07/1993,144.4,NaN,NaN,NaN,0,0,NaN,98.75634703,99.12600942,NaN,NaN,NaN,NaN
01/08/1993,144.8,NaN,NaN,NaN,0,0,NaN,98.85669027,99.04938481,NaN,NaN,NaN,NaN
01/09/1993,145.1,NaN,NaN,NaN,0,0,NaN,98.92663913,98.97748277,NaN,NaN,NaN,NaN
01/10/1993,145.7,NaN,NaN,NaN,0,0,NaN,99.05161244,98.91416253,NaN,NaN,NaN,NaN
01/11/1993,145.8,NaN,NaN,NaN,0,0,NaN,99.07102614,98.85190937,NaN,NaN,NaN,NaN
01/12/1993,145.8,NaN,NaN,NaN,0,0,NaN,99.07102614,98.78929246,NaN,NaN,NaN,NaN
01/01/1994,146.2,NaN,NaN,NaN,0,0,NaN,99.15159296,98.73229277,NaN,NaN,NaN,NaN
01/02/1994,146.7,NaN,NaN,NaN,0,0,NaN,99.24028746,98.82032204,NaN,NaN,NaN,NaN
01/03/1994,147.2,NaN,NaN,NaN,0,0,NaN,99.31716395,98.8956656,NaN,NaN,NaN,NaN
01/04/1994,147.4,NaN,NaN,NaN,0,0,NaN,99.34568565,98.96194151,NaN,NaN,NaN,NaN
01/05/1994,147.5,NaN,NaN,NaN,0,0,NaN,99.36007829,99.01931332,NaN,NaN,NaN,NaN
01/06/1994,148,NaN,NaN,NaN,0,0,NaN,99.42784584,99.07427013,NaN,NaN,NaN,NaN
01/07/1994,148.4,NaN,NaN,NaN,0,0,NaN,99.47568281,99.12914465,NaN,NaN,NaN,NaN
01/08/1994,149,NaN,NaN,NaN,0,0,NaN,99.53807093,99.18498207,NaN,NaN,NaN,NaN
01/09/1994,149.4,NaN,NaN,NaN,0,0,NaN,99.57442687,99.24341635,NaN,NaN,NaN,NaN
01/10/1994,149.5,NaN,NaN,NaN,0,0,NaN,99.58325752,99.29531401,NaN,NaN,NaN,NaN
01/11/1994,149.7,NaN,NaN,NaN,0,0,NaN,99.60108592,99.34348878,NaN,NaN,NaN,NaN
01/12/1994,149.7,NaN,NaN,NaN,0,0,NaN,99.60108592,99.38273689,NaN,NaN,NaN,NaN
01/01/1995,150.3,NaN,NaN,NaN,0,0,NaN,99.65276956,99.42428999,NaN,NaN,NaN,NaN
01/02/1995,150.9,NaN,NaN,NaN,0,0,NaN,99.69528547,99.46887994,NaN,NaN,NaN,NaN
01/03/1995,151.4,NaN,NaN,NaN,0,0,NaN,99.72545389,99.50987001,NaN,NaN,NaN,NaN
01/04/1995,151.9,NaN,NaN,NaN,0,0,NaN,99.75190599,99.54641419,NaN,NaN,NaN,NaN
01/05/1995,152.2,NaN,NaN,NaN,0,0,NaN,99.76644611,99.57850577,NaN,NaN,NaN,NaN
01/06/1995,152.5,NaN,NaN,NaN,0,0,NaN,99.78031185,99.6095505,NaN,NaN,NaN,NaN
01/07/1995,152.5,NaN,NaN,NaN,0,0,NaN,99.78031185,99.63956718,NaN,NaN,NaN,NaN
01/08/1995,152.9,NaN,NaN,NaN,0,0,NaN,99.79878436,99.66606279,NaN,NaN,NaN,NaN
01/09/1995,153.2,NaN,NaN,NaN,0,0,NaN,99.81158083,99.69005551,NaN,NaN,NaN,NaN
01/10/1995,153.7,NaN,NaN,NaN,1,0,NaN,99.83088472,99.71097078,NaN,NaN,99.83088472,99.83088472
01/11/1995,153.6,NaN,NaN,NaN,0,0,NaN,97.67552336,99.57533481,NaN,NaN,NaN,NaN
01/12/1995,153.5,NaN,NaN,NaN,0,1,NaN,95.45608308,99.28053664,95.45608308,NaN,NaN,NaN
01/01/1996,154.4,NaN,NaN,NaN,0,0,NaN,96.27619302,99.04304429,NaN,NaN,NaN,NaN
01/02/1996,154.9,NaN,NaN,NaN,0,0,NaN,96.63911066,98.83147463,NaN,NaN,NaN,NaN
01/03/1996,155.7,NaN,NaN,NaN,0,0,NaN,97.12235121,98.65073046,NaN,NaN,NaN,NaN
01/04/1996,156.3,NaN,NaN,NaN,0,0,NaN,97.42176859,98.4883364,NaN,NaN,NaN,NaN
01/05/1996,156.6,NaN,NaN,NaN,0,0,NaN,97.55855437,98.33355786,NaN,NaN,NaN,NaN
01/06/1996,156.7,NaN,NaN,NaN,0,0,NaN,97.60418287,98.18014906,NaN,NaN,NaN,NaN
01/07/1996,157,NaN,NaN,NaN,0,0,NaN,97.7406057,98.03544618,NaN,NaN,NaN,NaN
01/08/1996,157.3,NaN,NaN,NaN,0,0,NaN,97.87115148,97.89907758,NaN,NaN,NaN,NaN
01/09/1996,157.8,NaN,NaN,NaN,0,0,NaN,98.07118169,97.77699685,NaN,NaN,NaN,NaN
01/10/1996,158.3,NaN,NaN,NaN,0,0,NaN,98.24842291,97.66625675,NaN,NaN,NaN,NaN
01/11/1996,158.6,NaN,NaN,NaN,0,0,NaN,98.34659512,97.56161491,NaN,NaN,NaN,NaN
01/12/1996,158.6,NaN,NaN,NaN,0,0,NaN,98.34659512,97.45559423,NaN,NaN,NaN,NaN
01/01/1997,159.1,NaN,NaN,NaN,0,0,NaN,98.50821128,97.51507194,NaN,NaN,NaN,NaN
01/02/1997,159.6,NaN,NaN,NaN,0,0,NaN,98.65029049,97.74322961,NaN,NaN,NaN,NaN
01/03/1997,160,NaN,NaN,NaN,0,0,NaN,98.75264085,97.92011874,NaN,NaN,NaN,NaN
01/04/1997,160.2,NaN,NaN,NaN,0,0,NaN,98.80157528,98.0745805,NaN,NaN,98.80157528,98.80157528
01/05/1997,160.1,NaN,NaN,NaN,0,0,NaN,96.75765919,98.04853107,96.75765919,NaN,NaN,NaN
01/06/1997,160.3,NaN,NaN,NaN,0,0,NaN,96.89596502,98.01097367,NaN,NaN,NaN,NaN
01/07/1997,160.5,NaN,NaN,NaN,0,0,NaN,97.03229375,97.97338363,NaN,NaN,NaN,NaN
01/08/1997,160.8,NaN,NaN,NaN,0,0,NaN,97.22889646,97.94657745,NaN,NaN,NaN,NaN
01/09/1997,161.2,NaN,NaN,NaN,0,0,NaN,97.46959935,97.92721986,NaN,NaN,NaN,NaN
01/10/1997,161.6,NaN,NaN,NaN,1,0,NaN,97.68605379,97.91399859,NaN,NaN,97.68605379,97.68605379
01/11/1997,161.5,NaN,NaN,NaN,0,0,NaN,95.48694908,97.72941055,NaN,NaN,NaN,NaN
01/12/1997,161.3,NaN,NaN,NaN,0,1,NaN,91.07115448,97.21674852,91.07115448,NaN,NaN,NaN
01/01/1998,161.6,NaN,NaN,NaN,0,0,NaN,91.69180546,96.7414064,NaN,NaN,NaN,NaN
01/02/1998,161.9,NaN,NaN,NaN,0,0,NaN,92.27042418,96.30739419,NaN,NaN,NaN,NaN
01/03/1998,162.2,NaN,NaN,NaN,0,0,NaN,92.80970759,95.90035821,NaN,NaN,NaN,NaN
01/04/1998,162.5,NaN,NaN,NaN,0,0,NaN,93.31219984,95.51906602,NaN,NaN,NaN,NaN
01/05/1998,162.8,NaN,NaN,NaN,0,0,NaN,93.78029815,95.16389869,NaN,NaN,NaN,NaN
01/06/1998,163,NaN,NaN,NaN,0,0,NaN,94.07789172,94.82649272,NaN,NaN,NaN,NaN
01/07/1998,163.2,NaN,NaN,NaN,0,0,NaN,94.3680897,94.65580918,NaN,NaN,NaN,NaN
01/08/1998,163.4,NaN,NaN,NaN,0,0,NaN,94.65039835,94.49541156,NaN,NaN,NaN,NaN
01/09/1998,163.6,NaN,NaN,NaN,0,0,NaN,94.92439242,94.34484718,NaN,NaN,NaN,NaN
01/10/1998,164,NaN,NaN,NaN,0,0,NaN,95.42867766,94.21626013,NaN,NaN,NaN,NaN
01/11/1998,164,NaN,NaN,NaN,0,0,NaN,95.42867766,94.07048,NaN,NaN,NaN,NaN
01/12/1998,163.9,NaN,NaN,NaN,0,1,NaN,92.75663986,93.71837901,92.75663986,NaN,NaN,NaN
01/01/1999,164.3,NaN,NaN,NaN,0,0,NaN,93.53627473,93.57904513,NaN,NaN,NaN,NaN
01/02/1999,164.5,NaN,NaN,NaN,0,0,NaN,93.8903705,93.7804177,NaN,NaN,NaN,NaN
01/03/1999,165,NaN,NaN,NaN,0,0,NaN,94.67565769,93.99355,NaN,NaN,NaN,NaN
01/04/1999,166.2,NaN,NaN,NaN,0,0,NaN,96.0033689,94.26018891,NaN,NaN,NaN,NaN
01/05/1999,166.2,NaN,NaN,NaN,0,0,NaN,96.0033689,94.48830758,NaN,NaN,NaN,NaN
01/06/1999,166.2,NaN,NaN,NaN,0,0,NaN,96.0033689,94.68053394,NaN,NaN,NaN,NaN
01/07/1999,166.7,NaN,NaN,NaN,0,0,NaN,96.46244405,94.87211579,NaN,NaN,NaN,NaN
01/08/1999,167.1,NaN,NaN,NaN,0,0,NaN,96.78099976,95.06519493,NaN,NaN,NaN,NaN
01/09/1999,167.9,NaN,NaN,NaN,0,0,NaN,97.30391403,95.27489667,NaN,NaN,NaN,NaN
01/10/1999,168.2,NaN,NaN,NaN,0,0,NaN,97.46989704,95.47628944,NaN,NaN,NaN,NaN
01/11/1999,168.3,NaN,NaN,NaN,0,0,NaN,97.52460344,95.66201879,NaN,NaN,NaN,NaN
01/12/1999,168.3,NaN,NaN,NaN,0,0,NaN,97.52460344,95.81172778,NaN,NaN,NaN,NaN
01/01/2000,168.8,NaN,NaN,NaN,0,0,NaN,97.80039669,95.98113628,NaN,NaN,NaN,NaN
01/02/2000,169.8,NaN,NaN,NaN,0,0,NaN,98.22608075,96.37181063,NaN,NaN,NaN,NaN
01/03/2000,171.2,NaN,NaN,NaN,0,0,NaN,98.62676381,96.73541699,NaN,NaN,NaN,NaN
01/04/2000,171.3,NaN,NaN,NaN,0,0,NaN,98.65021625,97.07540598,NaN,NaN,NaN,NaN
01/05/2000,171.5,NaN,NaN,NaN,0,0,NaN,98.69810499,97.36272364,NaN,NaN,NaN,NaN
01/06/2000,172.4,NaN,NaN,NaN,0,0,NaN,98.88910725,97.56884781,NaN,NaN,NaN,NaN
01/07/2000,172.8,NaN,NaN,NaN,0,0,NaN,98.96199651,97.78017835,NaN,NaN,NaN,NaN
01/08/2000,172.8,NaN,NaN,NaN,0,0,NaN,98.96199651,97.99150889,NaN,NaN,NaN,NaN
01/09/2000,173.7,NaN,NaN,NaN,0,0,NaN,99.11373832,98.18088706,NaN,NaN,NaN,NaN
01/10/2000,174,NaN,NaN,NaN,0,0,NaN,99.15792783,98.35066763,NaN,NaN,NaN,NaN
01/11/2000,174.1,NaN,NaN,NaN,0,0,NaN,99.17273477,98.48415483,NaN,NaN,99.17273477,NaN
01/12/2000,174,NaN,NaN,NaN,0,0,NaN,97.32964737,98.474137,97.32964737,NaN,NaN,NaN
01/01/2001,175.1,NaN,NaN,NaN,0,0,NaN,97.81146665,98.49462723,NaN,NaN,NaN,NaN
01/02/2001,175.8,NaN,NaN,NaN,0,0,NaN,98.05230545,98.53232023,NaN,NaN,NaN,NaN
01/03/2001,176.2,NaN,NaN,NaN,0,0,NaN,98.17583851,98.5591375,NaN,NaN,NaN,NaN
01/04/2001,176.9,NaN,NaN,NaN,0,0,NaN,98.37060389,98.56946058,NaN,NaN,NaN,NaN
01/05/2001,177.7,NaN,NaN,NaN,0,0,NaN,98.55985226,98.56468118,NaN,NaN,NaN,NaN
01/06/2001,178,NaN,NaN,NaN,1,0,NaN,98.62437623,98.56283547,NaN,NaN,98.62437623,NaN
01/07/2001,177.5,NaN,NaN,NaN,0,0,NaN,91.28362725,98.03322991,NaN,NaN,NaN,NaN
01/08/2001,177.5,NaN,NaN,NaN,0,0,NaN,91.28362725,97.48998134,NaN,NaN,NaN,NaN
01/09/2001,178.3,NaN,NaN,NaN,1,0,NaN,92.34140528,97.01708197,NaN,NaN,NaN,NaN
01/10/2001,177.7,NaN,NaN,NaN,0,0,NaN,84.09828159,95.95538805,NaN,NaN,NaN,NaN
01/11/2001,177.4,NaN,NaN,NaN,0,0,NaN,80.24129649,94.60735649,NaN,NaN,NaN,NaN
01/12/2001,176.7,NaN,NaN,NaN,0,1,NaN,71.94947511,92.66389558,71.94947511,NaN,NaN,NaN
01/01/2002,177.1,NaN,NaN,NaN,0,0,NaN,73.62659765,90.8391715,NaN,NaN,NaN,NaN
01/02/2002,177.8,NaN,NaN,NaN,0,0,NaN,76.29740428,89.33686842,NaN,NaN,NaN,NaN
01/03/2002,178.8,NaN,NaN,NaN,0,0,NaN,79.49244764,88.02836706,NaN,NaN,NaN,NaN
01/04/2002,179.8,NaN,NaN,NaN,0,0,NaN,82.09207343,86.88835049,NaN,NaN,NaN,NaN
01/05/2002,179.8,NaN,NaN,NaN,0,0,NaN,82.09207343,85.73951013,NaN,NaN,NaN,NaN
01/06/2002,179.9,NaN,NaN,NaN,0,0,NaN,82.35153516,84.59529093,NaN,NaN,NaN,NaN
01/07/2002,180.1,NaN,NaN,NaN,0,0,NaN,82.88561237,83.47570237,NaN,NaN,NaN,NaN
01/08/2002,180.7,NaN,NaN,NaN,0,0,NaN,84.40985212,82.46037922,NaN,NaN,NaN,NaN
01/09/2002,181,NaN,NaN,NaN,0,0,NaN,85.12328584,82.02035483,NaN,NaN,NaN,NaN
01/10/2002,181.3,NaN,NaN,NaN,0,0,NaN,85.82200537,81.63023898,NaN,NaN,NaN,NaN
01/11/2002,181.3,NaN,NaN,NaN,0,0,NaN,85.82200537,81.16456756,NaN,NaN,NaN,NaN
01/12/2002,180.9,NaN,NaN,NaN,0,1,NaN,80.01097019,80.87261674,NaN,NaN,NaN,NaN
01/01/2003,181.7,NaN,NaN,NaN,0,0,NaN,82.55509357,81.03788796,NaN,NaN,NaN,NaN
01/02/2003,183.1,NaN,NaN,NaN,0,0,NaN,85.9300097,82.03649758,NaN,NaN,NaN,NaN
01/03/2003,184.2,NaN,NaN,NaN,1,0,NaN,87.90924369,83.05668658,NaN,NaN,87.90924369,87.90924369
01/04/2003,183.8,NaN,NaN,NaN,0,0,NaN,83.31936423,83.55825515,NaN,NaN,NaN,NaN
01/05/2003,183.5,NaN,NaN,NaN,0,1,NaN,79.94789116,83.59078683,79.94789116,NaN,NaN,NaN
01/06/2003,183.7,NaN,NaN,NaN,0,0,NaN,80.51398725,83.47806639,NaN,NaN,NaN,NaN
01/07/2003,183.9,NaN,NaN,NaN,0,0,NaN,81.08893808,83.40641386,NaN,NaN,NaN,NaN
01/08/2003,184.6,NaN,NaN,NaN,0,0,NaN,82.98162404,83.45142021,NaN,NaN,NaN,NaN
01/09/2003,185.2,NaN,NaN,NaN,1,0,NaN,84.42089645,83.56108336,NaN,NaN,84.42089645,84.42089645
01/10/2003,185,NaN,NaN,NaN,0,0,NaN,81.93347324,83.38419915,NaN,NaN,NaN,NaN
01/11/2003,184.5,NaN,NaN,NaN,0,0,NaN,75.9115878,82.72622072,NaN,NaN,NaN,NaN
01/12/2003,184.3,NaN,NaN,NaN,0,1,NaN,73.58195682,81.85193154,73.58195682,NaN,NaN,NaN
01/01/2004,185.2,NaN,NaN,NaN,0,0,NaN,77.00223813,81.22194817,NaN,NaN,NaN,NaN
01/02/2004,186.2,NaN,NaN,NaN,0,0,NaN,80.08711319,81.22738695,NaN,NaN,NaN,NaN
01/03/2004,187.4,NaN,NaN,NaN,0,0,NaN,83.0289966,81.26123717,NaN,NaN,NaN,NaN
01/04/2004,188,NaN,NaN,NaN,0,0,NaN,84.27957308,81.14334884,NaN,NaN,NaN,NaN
01/05/2004,189.1,NaN,NaN,NaN,0,0,NaN,86.27622533,81.02670467,NaN,NaN,NaN,NaN
01/06/2004,189.7,NaN,NaN,NaN,1,0,NaN,87.22903276,81.30596671,NaN,NaN,87.22903276,NaN
01/07/2004,189.4,NaN,NaN,NaN,0,0,NaN,84.08557421,81.6015155,NaN,NaN,NaN,NaN
01/08/2004,189.5,NaN,NaN,NaN,0,0,NaN,84.28881878,81.87114632,NaN,NaN,NaN,NaN
01/09/2004,189.9,NaN,NaN,NaN,0,0,NaN,85.10808169,82.15822801,NaN,NaN,NaN,NaN
01/10/2004,190.9,NaN,NaN,NaN,0,0,NaN,86.9413922,82.44106859,NaN,NaN,NaN,NaN
01/11/2004,191,NaN,NaN,NaN,1,0,NaN,87.1122548,82.63330847,NaN,NaN,NaN,NaN
01/12/2004,190.3,NaN,NaN,NaN,0,1,NaN,79.29132271,82.44458343,79.29132271,NaN,NaN,NaN
01/01/2005,190.7,NaN,NaN,NaN,0,0,NaN,80.37555722,82.76343839,NaN,NaN,NaN,NaN
01/02/2005,191.8,NaN,NaN,NaN,0,0,NaN,83.00996247,83.43686737,NaN,NaN,NaN,NaN
01/03/2005,193.3,NaN,NaN,NaN,0,0,NaN,85.80777707,84.06583444,NaN,NaN,NaN,NaN
01/04/2005,194.6,NaN,NaN,NaN,1,0,NaN,87.69846811,84.60950264,NaN,NaN,NaN,NaN
01/05/2005,194.4,NaN,NaN,NaN,0,0,NaN,85.80459015,84.80775933,NaN,NaN,NaN,NaN
01/06/2005,194.5,NaN,NaN,NaN,0,0,NaN,85.96776065,84.92834415,NaN,NaN,NaN,NaN
01/07/2005,195.4,NaN,NaN,NaN,0,0,NaN,87.37437137,85.00678316,NaN,NaN,NaN,NaN
01/08/2005,196.4,NaN,NaN,NaN,0,0,NaN,88.72658304,85.11375103,NaN,NaN,NaN,NaN
01/09/2005,198.8,NaN,NaN,NaN,0,0,NaN,91.17066423,85.61982889,NaN,NaN,NaN,NaN
01/10/2005,199.2,NaN,NaN,NaN,1,0,NaN,91.50137047,86.13501116,NaN,NaN,91.50137047,NaN
01/11/2005,197.6,NaN,NaN,NaN,0,0,NaN,78.78904842,85.68365164,NaN,NaN,NaN,NaN
01/12/2005,196.8,NaN,NaN,NaN,0,1,NaN,73.30518453,84.7096368,73.30518453,NaN,NaN,NaN
01/01/2006,198.3,NaN,NaN,NaN,0,0,NaN,76.59462726,83.95837769,NaN,NaN,NaN,NaN
01/02/2006,198.7,NaN,NaN,NaN,0,0,NaN,77.39457479,83.8228957,NaN,NaN,NaN,NaN
01/03/2006,199.8,NaN,NaN,NaN,0,0,NaN,79.47236734,83.75838214,NaN,NaN,NaN,NaN
01/04/2006,201.5,NaN,NaN,NaN,0,0,NaN,82.19599715,83.70024176,NaN,NaN,NaN,NaN
01/05/2006,202.5,NaN,NaN,NaN,0,0,NaN,83.57642195,83.54085925,NaN,NaN,NaN,NaN
01/06/2006,202.9,NaN,NaN,NaN,0,0,NaN,84.10723221,83.2843424,NaN,NaN,NaN,NaN
01/07/2006,203.5,NaN,NaN,NaN,0,0,NaN,84.89581064,83.21942958,NaN,NaN,NaN,NaN
01/08/2006,203.9,NaN,NaN,NaN,1,0,NaN,85.41536887,83.17997302,NaN,NaN,85.41536887,85.41536887
01/09/2006,202.9,NaN,NaN,NaN,0,0,NaN,78.1754776,82.52290918,NaN,NaN,NaN,NaN
01/10/2006,201.8,NaN,NaN,NaN,0,0,NaN,71.04219001,81.25973825,NaN,NaN,NaN,NaN
01/11/2006,201.5,NaN,NaN,NaN,0,1,NaN,69.18796265,79.68954528,69.18796265,NaN,NaN,NaN
01/12/2006,201.8,NaN,NaN,NaN,0,0,NaN,70.03035219,78.15590112,NaN,NaN,NaN,NaN
01/01/2007,202.416,NaN,NaN,NaN,0,0,NaN,71.73889488,77.65231872,NaN,NaN,NaN,NaN
01/02/2007,203.499,NaN,NaN,NaN,0,0,NaN,74.492173,77.73710361,NaN,NaN,NaN,NaN
01/03/2007,205.352,NaN,NaN,NaN,0,0,NaN,78.37424714,77.86421932,NaN,NaN,NaN,NaN
01/04/2007,206.686,NaN,NaN,NaN,0,0,NaN,80.65662576,78.09722296,NaN,NaN,NaN,NaN
01/05/2007,207.949,NaN,NaN,NaN,0,0,NaN,82.53591839,78.31604803,NaN,NaN,NaN,NaN
01/06/2007,208.352,NaN,NaN,NaN,1,0,NaN,83.10011731,78.38062804,NaN,NaN,NaN,NaN
01/07/2007,208.299,NaN,NaN,NaN,0,0,NaN,82.72162153,78.31957087,NaN,NaN,NaN,NaN
01/08/2007,207.917,NaN,NaN,NaN,0,1,NaN,79.89698877,78.0188392,NaN,NaN,NaN,NaN
01/09/2007,208.49,NaN,NaN,NaN,0,0,NaN,80.94789017,77.73684488,NaN,NaN,NaN,NaN
01/10/2007,208.936,NaN,NaN,NaN,0,0,NaN,81.74769407,77.47486811,NaN,NaN,NaN,NaN
01/11/2007,210.177,NaN,NaN,NaN,0,0,NaN,83.78717955,77.87570396,NaN,NaN,NaN,NaN
01/12/2007,210.036,NaN,NaN,NaN,0,0,NaN,82.65708449,78.70533928,NaN,NaN,NaN,NaN
01/01/2008,211.08,NaN,NaN,NaN,0,0,NaN,84.34116525,79.78771089,NaN,NaN,NaN,NaN
01/02/2008,211.693,NaN,NaN,NaN,0,0,NaN,85.24703308,80.87461667,NaN,NaN,NaN,NaN
01/03/2008,213.528,NaN,NaN,NaN,0,0,NaN,87.56591891,82.00511839,NaN,NaN,NaN,NaN
01/04/2008,214.823,NaN,NaN,NaN,0,0,NaN,88.89277535,83.03373284,NaN,NaN,NaN,NaN
01/05/2008,216.632,NaN,NaN,NaN,0,0,NaN,90.42920212,83.89480105,NaN,NaN,NaN,NaN
01/06/2008,218.815,NaN,NaN,NaN,0,0,NaN,91.88754164,84.69700933,NaN,NaN,NaN,NaN
01/07/2008,219.964,NaN,NaN,NaN,1,0,NaN,92.53250688,85.41105137,NaN,NaN,92.53250688,NaN
01/08/2008,219.086,NaN,NaN,NaN,0,0,NaN,86.85033342,85.67892395,NaN,NaN,NaN,NaN
01/09/2008,218.783,NaN,NaN,NaN,0,0,NaN,84.91246448,85.83541273,NaN,NaN,NaN,NaN
01/10/2008,216.573,NaN,NaN,NaN,0,0,NaN,72.24983003,85.2891871,NaN,NaN,NaN,NaN
01/11/2008,212.425,NaN,NaN,NaN,0,0,NaN,55.51580475,83.47260957,NaN,NaN,NaN,NaN
01/12/2008,210.228,NaN,NaN,NaN,0,1,NaN,49.03741395,81.13616099,49.03741395,NaN,NaN,NaN
01/01/2009,211.143,NaN,NaN,NaN,0,0,NaN,51.57208717,78.83508297,NaN,NaN,NaN,NaN
01/02/2009,212.193,NaN,NaN,NaN,0,0,NaN,54.37631787,76.81502821,NaN,NaN,NaN,NaN
01/03/2009,212.709,NaN,NaN,NaN,0,0,NaN,55.73289409,74.77158027,NaN,NaN,NaN,NaN
01/04/2009,213.24,NaN,NaN,NaN,0,0,NaN,57.14505541,72.76429615,NaN,NaN,NaN,NaN
01/05/2009,213.856,NaN,NaN,NaN,0,0,NaN,58.78754469,70.70869799,NaN,NaN,NaN,NaN
01/06/2009,215.693,NaN,NaN,NaN,0,0,NaN,63.30433099,68.88095196,NaN,NaN,NaN,NaN
01/07/2009,215.351,NaN,NaN,NaN,0,0,NaN,61.94321104,66.84623832,NaN,NaN,NaN,NaN
01/08/2009,215.834,NaN,NaN,NaN,0,0,NaN,63.14831909,64.7934367,NaN,NaN,NaN,NaN
01/09/2009,215.969,NaN,NaN,NaN,0,0,NaN,63.49625765,62.7194189,NaN,NaN,NaN,NaN
01/10/2009,216.177,NaN,NaN,NaN,0,0,NaN,64.05930635,61.0914884,NaN,NaN,NaN,NaN
01/11/2009,216.33,NaN,NaN,NaN,0,0,NaN,64.49315025,59.63296595,NaN,NaN,NaN,NaN
01/12/2009,215.949,NaN,NaN,NaN,0,1,NaN,62.47086332,58.93446833,NaN,NaN,NaN,NaN
01/01/2010,216.687,NaN,NaN,NaN,0,0,NaN,64.77494033,59.59583516,NaN,NaN,NaN,NaN
01/02/2010,216.741,NaN,NaN,NaN,0,0,NaN,64.94453268,60.73205792,NaN,NaN,NaN,NaN
01/03/2010,217.631,NaN,NaN,NaN,0,0,NaN,67.70434499,61.88436205,NaN,NaN,NaN,NaN
01/04/2010,218.009,NaN,NaN,NaN,0,0,NaN,68.82685665,62.91654339,NaN,NaN,NaN,NaN
01/05/2010,218.178,NaN,NaN,NaN,1,0,NaN,69.33995328,63.88847619,NaN,NaN,NaN,NaN
01/06/2010,217.965,NaN,NaN,NaN,0,1,NaN,67.8247041,64.65130824,NaN,NaN,NaN,NaN
01/07/2010,218.011,NaN,NaN,NaN,0,0,NaN,67.9874029,65.30844097,NaN,NaN,NaN,NaN
01/08/2010,218.312,NaN,NaN,NaN,0,0,NaN,69.08886628,65.72162206,NaN,NaN,NaN,NaN
01/09/2010,218.439,NaN,NaN,NaN,0,0,NaN,69.56469292,66.26601363,NaN,NaN,NaN,NaN
01/10/2010,218.711,NaN,NaN,NaN,0,0,NaN,70.60823357,66.79886466,NaN,NaN,NaN,NaN
01/11/2010,218.803,NaN,NaN,NaN,0,0,NaN,70.97078579,67.33275953,NaN,NaN,NaN,NaN
01/12/2010,219.179,NaN,NaN,NaN,0,0,NaN,72.46565871,67.93321327,NaN,NaN,NaN,NaN
01/01/2011,220.223,NaN,NaN,NaN,0,0,NaN,76.1396868,68.76510874,NaN,NaN,NaN,NaN
01/02/2011,221.309,NaN,NaN,NaN,0,0,NaN,79.24250751,69.96308332,NaN,NaN,NaN,NaN
01/03/2011,223.467,NaN,NaN,NaN,0,0,NaN,83.76142779,71.319261,NaN,NaN,NaN,NaN
01/04/2011,224.906,NaN,NaN,NaN,0,0,NaN,85.95685135,72.8201409,NaN,NaN,NaN,NaN
01/05/2011,225.964,NaN,NaN,NaN,1,0,NaN,87.31478308,74.22088648,NaN,NaN,87.31478308,87.31478308
01/06/2011,225.722,NaN,NaN,NaN,0,0,NaN,85.28339772,75.3963537,NaN,NaN,NaN,NaN
01/07/2011,225.922,NaN,NaN,NaN,0,0,NaN,85.58194325,76.55649584,NaN,NaN,NaN,NaN
01/08/2011,226.545,NaN,NaN,NaN,0,0,NaN,86.50061379,77.89048939,NaN,NaN,NaN,NaN
01/09/2011,226.889,NaN,NaN,NaN,1,0,NaN,86.99341462,79.24806166,NaN,NaN,NaN,NaN
01/10/2011,226.421,NaN,NaN,NaN,0,0,NaN,82.57681886,80.21148684,NaN,NaN,NaN,NaN
01/11/2011,226.23,NaN,NaN,NaN,0,0,NaN,80.77443456,81.01218267,NaN,NaN,NaN,NaN
01/12/2011,225.672,NaN,NaN,NaN,0,1,NaN,75.58398976,81.36759383,75.58398976,NaN,NaN,NaN
01/01/2012,226.665,NaN,NaN,NaN,0,0,NaN,78.26110929,81.88833122,NaN,NaN,NaN,NaN
01/02/2012,227.663,NaN,NaN,NaN,0,0,NaN,80.5672856,82.46701885,NaN,NaN,NaN,NaN
01/03/2012,229.392,NaN,NaN,NaN,0,0,NaN,83.77804311,83.01261573,NaN,NaN,NaN,NaN
01/04/2012,230.085,NaN,NaN,NaN,1,0,NaN,84.85793916,83.41371799,NaN,NaN,84.85793916,84.85793916
01/05/2012,229.815,NaN,NaN,NaN,0,0,NaN,82.55213597,83.32734001,NaN,NaN,NaN,NaN
01/06/2012,229.478,NaN,NaN,NaN,0,0,NaN,79.64323157,82.87636717,NaN,NaN,NaN,NaN
01/07/2012,229.104,NaN,NaN,NaN,0,1,NaN,76.4246752,82.09850232,NaN,NaN,NaN,NaN
01/08/2012,230.379,NaN,NaN,NaN,0,0,NaN,79.47055476,81.68329925,NaN,NaN,NaN,NaN
01/09/2012,231.407,NaN,NaN,NaN,1,0,NaN,81.54128754,81.39468098,NaN,NaN,NaN,NaN
01/10/2012,231.317,NaN,NaN,NaN,0,0,NaN,80.77313431,80.98557531,NaN,NaN,NaN,NaN
01/11/2012,230.221,NaN,NaN,NaN,0,0,NaN,71.89136021,79.90685713,NaN,NaN,NaN,NaN
01/12/2012,229.601,NaN,NaN,NaN,0,1,NaN,67.37783708,78.82121558,67.37783708,NaN,NaN,NaN
01/01/2013,230.28,NaN,NaN,NaN,0,0,NaN,69.62684819,78.02495941,NaN,NaN,NaN,NaN
01/02/2013,232.166,NaN,NaN,NaN,0,0,NaN,74.819605,77.9703605,NaN,NaN,NaN,NaN
01/03/2013,232.773,NaN,NaN,NaN,0,0,NaN,76.22824818,77.82515613,NaN,NaN,NaN,NaN
01/04/2013,232.531,NaN,NaN,NaN,0,0,NaN,74.44028792,77.38751344,NaN,NaN,NaN,NaN
01/05/2013,232.945,NaN,NaN,NaN,0,0,NaN,75.49904095,76.79615614,NaN,NaN,NaN,NaN
01/06/2013,233.504,NaN,NaN,NaN,0,0,NaN,76.89096841,76.22708681,NaN,NaN,NaN,NaN
01/07/2013,233.596,NaN,NaN,NaN,0,0,NaN,77.12133784,75.83917265,NaN,NaN,NaN,NaN
01/08/2013,233.877,NaN,NaN,NaN,0,0,NaN,77.84771926,75.71092177,NaN,NaN,NaN,NaN
01/09/2013,234.149,NaN,NaN,NaN,1,0,NaN,78.55739334,75.86325878,NaN,NaN,78.55739334,78.55739334
01/10/2013,233.546,NaN,NaN,NaN,0,0,NaN,72.9758685,75.39935262,NaN,NaN,NaN,NaN
01/11/2013,233.069,NaN,NaN,NaN,0,0,NaN,68.81092654,74.49004112,NaN,NaN,NaN,NaN
01/12/2013,233.049,NaN,NaN,NaN,0,1,NaN,68.63405188,73.62296381,68.63405188,NaN,NaN,NaN
01/01/2014,233.916,NaN,NaN,NaN,0,0,NaN,71.99469438,73.63034482,NaN,NaN,NaN,NaN
01/02/2014,234.781,NaN,NaN,NaN,0,0,NaN,74.88580585,74.1666283,NaN,NaN,NaN,NaN
01/03/2014,236.293,NaN,NaN,NaN,0,0,NaN,78.97218796,74.83415257,NaN,NaN,NaN,NaN
01/04/2014,237.072,NaN,NaN,NaN,0,0,NaN,80.71337826,75.25513638,NaN,NaN,NaN,NaN
01/05/2014,237.9,NaN,NaN,NaN,0,0,NaN,82.38315304,75.69477244,NaN,NaN,NaN,NaN
01/06/2014,238.343,NaN,NaN,NaN,1,0,NaN,83.22019405,76.32190859,NaN,NaN,83.22019405,NaN
01/07/2014,238.25,NaN,NaN,NaN,0,0,NaN,82.3357489,76.81024487,NaN,NaN,NaN,NaN
01/08/2014,237.852,NaN,NaN,NaN,0,0,NaN,78.49117834,76.92454558,NaN,NaN,NaN,NaN
01/09/2014,238.031,NaN,NaN,NaN,0,0,NaN,78.96686187,77.05636873,NaN,NaN,NaN,NaN
01/10/2014,237.433,NaN,NaN,NaN,0,0,NaN,73.14677442,76.72058695,NaN,NaN,NaN,NaN
01/11/2014,236.151,NaN,NaN,NaN,0,0,NaN,62.51008989,75.57435099,NaN,NaN,NaN,NaN
01/12/2014,234.812,NaN,NaN,NaN,0,0,NaN,53.72293877,74.19914172,NaN,NaN,NaN,NaN
01/01/2015,233.707,NaN,NaN,NaN,0,1,NaN,47.75672398,72.69527011,47.75672398,NaN,NaN,NaN
01/02/2015,234.722,NaN,NaN,NaN,0,0,NaN,52.92791956,71.57340352,NaN,NaN,NaN,NaN
01/03/2015,236.119,NaN,NaN,NaN,0,0,NaN,58.95051052,70.6416761,NaN,NaN,NaN,NaN
01/04/2015,236.599,NaN,NaN,NaN,0,0,NaN,60.80604317,69.63597877,NaN,NaN,NaN,NaN
01/05/2015,237.805,NaN,NaN,NaN,0,0,NaN,65.0773326,68.6434891,NaN,NaN,NaN,NaN
01/06/2015,238.638,NaN,NaN,NaN,0,0,NaN,67.69599012,67.71367566,NaN,NaN,NaN,NaN
01/07/2015,238.654,NaN,NaN,NaN,1,0,NaN,67.74601825,66.66816603,NaN,NaN,67.74601825,67.74601825
01/08/2015,238.316,NaN,NaN,NaN,0,0,NaN,65.44041125,65.39818155,NaN,NaN,NaN,NaN
01/09/2015,237.945,NaN,NaN,NaN,0,0,NaN,62.90959683,64.01059925,NaN,NaN,NaN,NaN
01/10/2015,237.838,NaN,NaN,NaN,0,0,NaN,62.16290714,62.84429417,NaN,NaN,NaN,NaN
01/11/2015,237.336,NaN,NaN,NaN,0,0,NaN,58.64595901,61.39280111,NaN,NaN,NaN,NaN
01/12/2015,236.525,NaN,NaN,NaN,0,1,NaN,53.39061235,59.98164668,53.39061235,NaN,NaN,NaN
01/01/2016,236.916,NaN,NaN,NaN,0,0,NaN,55.46278948,59.47826807,NaN,NaN,NaN,NaN
01/02/2016,237.111,NaN,NaN,NaN,0,0,NaN,56.50144339,59.67673269,NaN,NaN,NaN,NaN
01/03/2016,238.132,NaN,NaN,NaN,0,0,NaN,61.55671151,60.66244608,NaN,NaN,NaN,NaN
01/04/2016,239.261,NaN,NaN,NaN,0,0,NaN,66.2302902,61.61261542,NaN,NaN,NaN,NaN
01/05/2016,240.229,NaN,NaN,NaN,0,0,NaN,69.63844377,62.37603922,NaN,NaN,NaN,NaN
01/06/2016,241.018,NaN,NaN,NaN,1,0,NaN,72.10924823,63.18341101,NaN,NaN,NaN,NaN
01/07/2016,240.628,NaN,NaN,NaN,0,0,NaN,69.11519067,63.47182944,NaN,NaN,NaN,NaN
01/08/2016,240.849,NaN,NaN,NaN,0,0,NaN,69.87842724,63.62771781,NaN,NaN,NaN,NaN
01/09/2016,241.428,NaN,NaN,NaN,0,0,NaN,71.84174654,63.92026983,NaN,NaN,NaN,NaN
01/10/2016,241.729,NaN,NaN,NaN,1,0,NaN,72.83309441,64.44831863,NaN,NaN,NaN,NaN
01/11/2016,241.353,NaN,NaN,NaN,0,1,NaN,69.53958801,64.92188943,NaN,NaN,NaN,NaN
01/12/2016,241.432,NaN,NaN,NaN,0,0,NaN,69.84809741,65.47083159,NaN,NaN,NaN,NaN
01/01/2017,242.839,NaN,NaN,NaN,0,0,NaN,74.75265683,66.62131,NaN,NaN,NaN,NaN
01/02/2017,243.603,NaN,NaN,NaN,0,0,NaN,76.94558004,68.30380769,NaN,NaN,NaN,NaN
01/03/2017,243.801,NaN,NaN,NaN,0,0,NaN,77.49123232,69.8772679,NaN,NaN,NaN,NaN
01/04/2017,244.524,NaN,NaN,NaN,0,0,NaN,79.40779254,71.51343569,NaN,NaN,NaN,NaN
01/05/2017,244.733,NaN,NaN,NaN,0,0,NaN,79.93953868,72.82649478,NaN,NaN,NaN,NaN
01/06/2017,244.955,NaN,NaN,NaN,0,0,NaN,80.51509921,73.84683828,NaN,NaN,NaN,NaN
01/07/2017,244.786,NaN,NaN,NaN,0,0,NaN,78.66477093,74.49157593,NaN,NaN,NaN,NaN
01/08/2017,245.519,NaN,NaN,NaN,0,0,NaN,80.73295212,75.10755478,NaN,NaN,NaN,NaN
01/09/2017,246.819,NaN,NaN,NaN,1,0,NaN,83.7428967,76.15239093,NaN,NaN,NaN,NaN
01/10/2017,246.663,NaN,NaN,NaN,0,0,NaN,82.0856899,77.02433826,NaN,NaN,NaN,NaN
01/11/2017,246.669,NaN,NaN,NaN,0,0,NaN,82.10036174,77.75709649,NaN,NaN,NaN,NaN
01/12/2017,246.524,NaN,NaN,NaN,0,1,NaN,80.38691339,78.29665499,NaN,NaN,NaN,NaN
01/01/2018,247.867,NaN,NaN,NaN,0,0,NaN,83.7662889,79.31284791,NaN,NaN,NaN,NaN
01/02/2018,248.991,NaN,NaN,NaN,0,0,NaN,85.94846266,80.462874,NaN,NaN,NaN,NaN
01/03/2018,249.554,NaN,NaN,NaN,0,0,NaN,86.89845642,81.33043111,NaN,NaN,NaN,NaN
01/04/2018,250.546,NaN,NaN,NaN,0,0,NaN,88.38811759,82.14775522,NaN,NaN,NaN,NaN
01/05/2018,251.588,NaN,NaN,NaN,0,0,NaN,89.71142566,83.02062617,NaN,NaN,NaN,NaN
01/06/2018,251.989,NaN,NaN,NaN,0,0,NaN,90.17544141,83.78974395,NaN,NaN,NaN,NaN
01/07/2018,252.006,NaN,NaN,NaN,0,0,NaN,90.19562909,84.52232184,NaN,NaN,NaN,NaN
01/08/2018,252.146,NaN,NaN,NaN,0,0,NaN,90.37110348,85.22632214,NaN,NaN,NaN,NaN
01/09/2018,252.439,NaN,NaN,NaN,0,0,NaN,90.74445695,86.08915686,NaN,NaN,NaN,NaN
01/10/2018,252.885,NaN,NaN,NaN,1,0,NaN,91.29759662,86.84377432,NaN,NaN,91.29759662,NaN
01/11/2018,252.038,NaN,NaN,NaN,0,0,NaN,81.35396842,86.67313659,NaN,NaN,NaN,NaN
01/12/2018,251.233,NaN,NaN,NaN,0,1,NaN,73.19451238,86.03805248,73.19451238,NaN,NaN,NaN
01/01/2019,251.712,NaN,NaN,NaN,0,0,NaN,74.81325859,85.51754511,NaN,NaN,NaN,NaN
01/02/2019,252.776,NaN,NaN,NaN,0,0,NaN,77.99245557,85.34651241,NaN,NaN,NaN,NaN
01/03/2019,254.202,NaN,NaN,NaN,0,0,NaN,81.38397949,85.17634745,NaN,NaN,NaN,NaN
01/04/2019,255.548,NaN,NaN,NaN,0,0,NaN,83.9052415,85.03040308,NaN,NaN,NaN,NaN
01/05/2019,256.092,NaN,NaN,NaN,0,0,NaN,84.80118258,84.88059781,NaN,NaN,NaN,NaN
01/06/2019,256.143,NaN,NaN,NaN,0,0,NaN,84.88612542,84.63045551,NaN,NaN,NaN,NaN
01/07/2019,256.571,NaN,NaN,NaN,0,0,NaN,85.6128184,84.33769785,NaN,NaN,NaN,NaN
01/08/2019,256.558,NaN,NaN,NaN,0,0,NaN,85.47838236,84.00219363,NaN,NaN,NaN,NaN
01/09/2019,256.759,NaN,NaN,NaN,0,0,NaN,85.84839786,83.69167711,NaN,NaN,NaN,NaN
01/10/2019,257.346,NaN,NaN,NaN,1,0,NaN,86.89832344,83.4436214,NaN,NaN,86.89832344,86.89832344
01/11/2019,257.208,NaN,NaN,NaN,0,0,NaN,85.29615551,83.05445701,NaN,NaN,NaN,NaN
01/12/2019,256.974,NaN,NaN,NaN,0,1,NaN,82.51793667,82.42733844,NaN,NaN,NaN,NaN
01/01/2020,257.971,NaN,NaN,NaN,0,0,NaN,84.79095494,82.67283748,NaN,NaN,NaN,NaN
01/02/2020,258.678,NaN,NaN,NaN,1,0,NaN,86.16470464,83.59927978,NaN,NaN,NaN,NaN
01/03/2020,258.115,NaN,NaN,NaN,0,0,NaN,79.97018771,83.96763186,NaN,NaN,NaN,NaN
01/04/2020,256.389,NaN,NaN,NaN,0,1,NaN,64.6300399,83.0131736,64.6300399,NaN,NaN,NaN
01/05/2020,256.394,NaN,NaN,NaN,0,0,NaN,64.65119378,81.81797462,NaN,NaN,NaN,NaN
01/06/2020,257.797,NaN,NaN,NaN,0,0,NaN,70.06188035,80.82916311,NaN,NaN,NaN,NaN
01/07/2020,259.101,NaN,NaN,NaN,0,0,NaN,74.03927786,80.06045563,NaN,NaN,NaN,NaN
01/08/2020,259.918,NaN,NaN,NaN,0,0,NaN,76.17496293,79.43822974,NaN,NaN,NaN,NaN
01/09/2020,260.28,NaN,NaN,NaN,0,0,NaN,77.07488153,78.82837711,NaN,NaN,NaN,NaN
01/10/2020,260.388,NaN,NaN,NaN,0,0,NaN,77.349761,78.2477613,NaN,NaN,NaN,NaN
01/11/2020,260.229,NaN,NaN,NaN,0,1,NaN,75.90675157,77.5376437,NaN,NaN,NaN,NaN
01/12/2020,260.474,NaN,NaN,NaN,0,0,NaN,76.63021818,76.80420761,NaN,NaN,NaN,NaN
01/01/2021,261.582,NaN,NaN,NaN,0,0,NaN,79.61188176,76.39818806,NaN,NaN,NaN,NaN
01/02/2021,263.014,NaN,NaN,NaN,0,0,NaN,82.6864134,76.41022211,NaN,NaN,NaN,NaN
01/03/2021,264.877,NaN,NaN,NaN,0,0,NaN,85.70635954,76.47560815,NaN,NaN,NaN,NaN
01/04/2021,267.054,NaN,NaN,NaN,0,0,NaN,88.27913592,76.62663896,NaN,NaN,NaN,NaN
01/05/2021,269.195,NaN,NaN,NaN,0,0,NaN,90.15578547,77.35418166,NaN,NaN,NaN,NaN
01/06/2021,271.696,NaN,NaN,NaN,0,0,NaN,91.80619233,79.2953354,NaN,NaN,NaN,NaN
01/07/2021,273.003,NaN,NaN,NaN,0,0,NaN,92.51264781,81.28543926,NaN,NaN,NaN,NaN
01/08/2021,273.567,NaN,NaN,NaN,0,0,NaN,92.80108692,82.9096683,NaN,NaN,NaN,NaN
01/09/2021,274.31,NaN,NaN,NaN,0,0,NaN,93.17414573,84.27644458,NaN,NaN,NaN,NaN
01/10/2021,276.589,NaN,NaN,NaN,0,0,NaN,94.1718097,85.56193363,NaN,NaN,NaN,NaN
01/11/2021,277.948,NaN,NaN,NaN,0,0,NaN,94.67191161,86.81886435,NaN,NaN,NaN,NaN
01/12/2021,278.802,NaN,NaN,NaN,0,0,NaN,94.9643303,88.07704787,NaN,NaN,NaN,NaN
01/01/2022,281.148,NaN,NaN,NaN,0,0,NaN,95.66773259,89.48854652,NaN,NaN,NaN,NaN
01/02/2022,283.716,NaN,NaN,NaN,0,0,NaN,96.28024219,90.89211966,NaN,NaN,NaN,NaN
01/03/2022,287.504,NaN,NaN,NaN,0,0,NaN,96.96245517,92.13144633,NaN,NaN,NaN,NaN
01/04/2022,289.109,NaN,NaN,NaN,0,0,NaN,97.19702606,93.16791867,NaN,NaN,NaN,NaN
01/05/2022,292.296,NaN,NaN,NaN,0,0,NaN,97.5942957,94.01705697,NaN,NaN,NaN,NaN
01/06/2022,296.311,NaN,NaN,NaN,1,0,NaN,97.98228093,94.71013875,NaN,NaN,97.98228093,NaN
01/07/2022,296.276,NaN,NaN,NaN,0,0,NaN,97.83415516,95.25859373,NaN,NaN,NaN,NaN
01/08/2022,296.171,NaN,NaN,NaN,0,1,NaN,97.35864093,95.6551972,NaN,NaN,NaN,NaN
01/09/2022,296.808,NaN,NaN,NaN,0,0,NaN,97.43993499,96.00714629,NaN,NaN,NaN,NaN
01/10/2022,298.012,NaN,NaN,NaN,1,0,NaN,97.59086129,96.34927303,NaN,NaN,NaN,NaN
01/11/2022,297.711,NaN,NaN,NaN,0,0,NaN,96.06607606,96.55583948,NaN,NaN,NaN,NaN
01/12/2022,296.797,NaN,NaN,NaN,0,1,NaN,91.39633611,96.35759136,91.39633611,NaN,NaN,NaN
01/01/2023,299.17,NaN,NaN,NaN,0,0,NaN,92.4257677,96.19715251,NaN,NaN,NaN,NaN
01/02/2023,300.84,NaN,NaN,NaN,0,0,NaN,93.0555033,96.06080773,NaN,NaN,NaN,NaN
01/03/2023,301.836,NaN,NaN,NaN,0,0,NaN,93.40754519,95.89936577,NaN,NaN,NaN,NaN
01/04/2023,303.363,NaN,NaN,NaN,0,0,NaN,93.91670793,95.73054189,NaN,NaN,NaN,NaN
01/05/2023,304.127,NaN,NaN,NaN,0,0,NaN,94.15974916,95.53034861,NaN,NaN,NaN,NaN
01/06/2023,305.109,NaN,NaN,NaN,0,0,NaN,94.46580359,95.33526129,NaN,NaN,NaN,NaN
01/07/2023,305.691,NaN,NaN,NaN,0,0,NaN,94.64491758,95.12459142,NaN,NaN,NaN,NaN
01/08/2023,307.026,NaN,NaN,NaN,0,0,NaN,95.04136031,94.91452566,NaN,NaN,NaN,NaN
01/09/2023,307.789,NaN,NaN,NaN,1,0,NaN,95.25745957,94.73047598,NaN,NaN,95.25745957,95.25745957
01/10/2023,307.671,NaN,NaN,NaN,0,0,NaN,94.5710378,94.53136147,NaN,NaN,NaN,NaN
01/11/2023,307.051,NaN,NaN,NaN,0,0,NaN,90.86603945,94.0617975,NaN,NaN,NaN,NaN
01/12/2023,306.746,NaN,NaN,NaN,0,1,NaN,89.01846145,93.44948323,89.01846145,NaN,NaN,NaN
01/01/2024,308.417,NaN,NaN,NaN,0,0,NaN,90.1947676,93.03010405,NaN,NaN,NaN,NaN
01/02/2024,310.326,NaN,NaN,NaN,0,0,NaN,91.33650091,93.02583011,NaN,NaN,NaN,NaN
01/03/2024,312.33,NaN,NaN,NaN,0,0,NaN,92.34428811,93.02001014,NaN,NaN,NaN,NaN
01/04/2024,313.55,NaN,NaN,NaN,0,0,NaN,92.88677453,93.00795808,NaN,NaN,NaN,NaN
01/05/2024,314.07,NaN,NaN,NaN,0,0,NaN,93.11085141,92.98676567,NaN,NaN,NaN,NaN
01/06/2024,314.18,NaN,NaN,NaN,0,0,NaN,93.15993818,92.93271069,NaN,NaN,NaN,NaN
01/07/2024,314.54,NaN,NaN,NaN,0,0,NaN,93.32750263,92.87326451,NaN,NaN,NaN,NaN
01/08/2024,314.8,NaN,NaN,NaN,0,0,NaN,93.45226073,92.80086859,NaN,NaN,NaN,NaN
01/09/2024,315.3,NaN,NaN,NaN,0,0,NaN,93.69635275,92.73311396,NaN,NaN,NaN,NaN
01/10/2024,315.66,NaN,NaN,NaN,1,0,NaN,93.87344349,92.64969133,NaN,NaN,NaN,NaN
01/11/2024,315.49,NaN,NaN,NaN,0,0,NaN,92.55118303,92.45638586,92.55118303,NaN,NaN,NaN
01/12/2024,315.61,NaN,NaN,NaN,0,0,NaN,92.63009685,92.31774722,NaN,NaN,NaN,NaN
01/01/2025,317.67,NaN,NaN,NaN,0,0,NaN,93.83713049,92.52996801,NaN,NaN,NaN,NaN
01/02/2025,319.08,NaN,NaN,NaN,0,0,NaN,94.50099341,92.92157744,NaN,NaN,NaN,NaN
01/03/2025,319.8,NaN,NaN,NaN,0,0,NaN,94.80852135,93.25113128,NaN,NaN,NaN,NaN
01/04/2025,320.8,NaN,NaN,NaN,NaN,NaN,NaN,95.2092548,93.52775656,NaN,NaN,NaN,NaN
01/05/2025,321.47,NaN,NaN,NaN,NaN,NaN,NaN,95.46200308,93.75045048,NaN,NaN,NaN,NaN
